{"cameraMode":{"drawMode":0,"name":"Shaded","section":"Shading Mode"},"sceneLighting":true,"audioPlay":false,"sceneViewState":{"m_AlwaysRefresh":false,"showFog":true,"showSkybox":true,"showFlares":true,"showImageEffects":true,"showParticleSystems":true,"showVisualEffectGraphs":true,"m_FxEnabled":true},"in2DMode":false,"pivot":{"x":33.24957275390625,"y":-1.1809368133544922,"z":75.52027893066406},"rotation":{"x":0.08573722094297409,"y":-0.2547542452812195,"z":0.022707628086209298,"w":0.9629397988319397},"size":22.525209426879884,"orthographic":false}