{"cameraMode":{"drawMode":0,"name":"Shaded","section":"Shading Mode"},"sceneLighting":true,"audioPlay":false,"sceneViewState":{"m_AlwaysRefresh":false,"showFog":true,"showSkybox":true,"showFlares":true,"showImageEffects":true,"showParticleSystems":true,"showVisualEffectGraphs":true,"m_FxEnabled":true},"in2DMode":false,"pivot":{"x":32.05849075317383,"y":3.0993118286132814,"z":37.09023666381836},"rotation":{"x":0.06169566139578819,"y":-0.9130271077156067,"z":0.3740343749523163,"w":0.15060226619243623},"size":36.991886138916019,"orthographic":false}